Domain,Status,Attractiveness,Demand,Length,Sectors,Created,Expires,Registrar
one.lifestyle,available,132,44%,3,"Business,General,Media,Technology",,,
brief.lifestyle,available,124,19%,5,"Business,Education,General,Law",,,
second.lifestyle,available,120,23%,6,"General,Mathematics",,,
complete.lifestyle,available,120,21%,8,"Manufacturing,Retail,Technology",,,
equal.lifestyle,available,116,19%,5,"Education,General,Law",,,
tenth.lifestyle,available,116,7%,5,Mathematics,,,
flat.lifestyle,available,116,24%,4,"Construction,Real Estate",,,
tonic.lifestyle,available,114,22%,5,"Health and Fitness,Medicine,Science",,,
above.lifestyle,available,112,22%,5,Business,,,
zero.lifestyle,available,112,49%,4,Mathematics,,,
acute.lifestyle,available,112,9%,5,"Mathematics,Medicine,Science",,,
hotshot.lifestyle,available,112,14%,7,"Business,Entertainment,Sports",,,
abstract.lifestyle,available,108,29%,8,"Arts,Humanities,Science",,,
abiding.lifestyle,available,106,5%,7,"General,Religion",,,
expert.lifestyle,available,104,26%,6,"Business,Education,Technology",,,
teen.lifestyle,available,104,14%,4,"Education,Entertainment,Healthcare",,,
active.lifestyle,available,104,27%,6,"Health and Fitness,Sports,Travel",,,
absent.lifestyle,available,102,8%,6,"Business,Education,Technology",,,
extra.lifestyle,available,102,26%,5,"Fashion,Retail,Technology",,,
eight.lifestyle,available,102,23%,5,"General,Mathematics",,,
captive.lifestyle,available,102,14%,7,"Entertainment,Hospitality,Technology",,,
crack.lifestyle,available,100,20%,5,Sports,,,
adjunct.lifestyle,available,100,5%,7,Education,,,
ninth.lifestyle,available,100,9%,5,Mathematics,,,
whiz.lifestyle,available,100,12%,4,"Business,Education,Technology",,,
abrupt.lifestyle,available,100,3%,6,"Medicine,Science",,,
third.lifestyle,available,100,16%,5,Mathematics,,,
sixth.lifestyle,available,100,8%,5,Mathematics,,,
eighth.lifestyle,available,100,6%,6,Mathematics,,,
remove.lifestyle,available,100,13%,6,"Construction,Manufacturing,Technology",,,
genius.lifestyle,available,98,46%,6,"Arts,Education,Technology",,,
whizz.lifestyle,available,98,11%,5,"Business,Education,Technology",,,
doable.lifestyle,available,96,9%,6,"Business,Education,Technology",,,
actual.lifestyle,available,96,22%,6,"Real Estate,Retail,Technology",,,
academic.lifestyle,available,96,20%,8,"Education,Humanities,Science",,,
alamode.lifestyle,available,96,12%,9,Fashion,,,
forgiving.lifestyle,available,96,3%,9,"Healthcare,Religion",,,
about.lifestyle,available,94,28%,5,"Business,General,Media,Technology",,,
around.lifestyle,available,94,22%,6,"Business,General,Media,Technology",,,
virtuoso.lifestyle,available,94,16%,8,"Arts,Entertainment",,,
adequate.lifestyle,available,94,9%,8,"Education,Healthcare,Technology",,,
abject.lifestyle,available,94,7%,6,Humanities,,,
twentieth.lifestyle,available,92,3%,9,Mathematics,,,
derelict.lifestyle,available,92,7%,8,"Construction,Real Estate",,,
neutral.lifestyle,available,92,20%,7,"Business,Media,Politics",,,
adept.lifestyle,available,92,24%,5,"Education,Health and Fitness,Sports",,,
next.lifestyle,available,92,43%,4,"Retail,Technology,Transportation",,,
exemplary.lifestyle,available,92,5%,9,"Business,Education,Healthcare",,,
nought.lifestyle,available,92,4%,6,Mathematics,,,
abroad.lifestyle,available,92,12%,6,"Hospitality,Travel",,,
adjective.lifestyle,available,92,5%,9,Education,,,
clear.lifestyle,available,90,47%,5,"Manufacturing,Retail,Technology",,,
leash.lifestyle,available,90,7%,5,"General,Health and Fitness,Retail",,,
endearing.lifestyle,available,90,1%,9,"Entertainment,Fashion,Retail",,,
adoring.lifestyle,available,90,2%,7,"Entertainment,Fashion,Retail",,,
additional.lifestyle,available,90,8%,10,"Fashion,Retail,Technology",,,
gripping.lifestyle,available,90,3%,8,"Entertainment,Media,Technology",,,
riveting.lifestyle,available,90,6%,8,"Entertainment,Media,Technology",,,
addictive.lifestyle,available,90,9%,9,Healthcare,,,
abortive.lifestyle,available,90,1%,8,"Medicine,Science",,,
actionable.lifestyle,available,88,13%,10,"Business,Law",,,
fifteen.lifestyle,available,88,13%,7,Mathematics,,,
ten.lifestyle,available,88,28%,3,"General,Mathematics",,,
eleven.lifestyle,available,88,33%,6,Mathematics,,,
hundred.lifestyle,available,88,14%,7,Mathematics,,,
wide.lifestyle,available,88,18%,4,"Business,Media,Technology",,,
sixteen.lifestyle,available,88,11%,7,Mathematics,,,
twelve.lifestyle,available,88,18%,6,"General,Mathematics",,,
adlib.lifestyle,available,88,7%,6,Entertainment,,,
ace.lifestyle,available,88,34%,3,Sports,,,
star.lifestyle,available,86,40%,4,"Entertainment,Media,Sports",,,
extempore.lifestyle,available,86,3%,9,Entertainment,,,
aboriginal.lifestyle,available,86,10%,10,Humanities,,,
attendant.lifestyle,available,86,5%,9,"Healthcare,Hospitality,Transportation",,,
cipher.lifestyle,available,86,29%,6,Mathematics,,,
xiv.lifestyle,available,86,12%,3,Mathematics,,,
engrossing.lifestyle,available,86,0%,10,"Entertainment,Media,Technology",,,
recondite.lifestyle,available,86,4%,9,"Arts,Humanities,Science",,,
xix.lifestyle,available,86,11%,3,Mathematics,,,
intent.lifestyle,available,86,25%,6,"Business,Education,Technology",,,
adolescent.lifestyle,available,86,3%,10,"Education,Entertainment,Healthcare",,,
adjustable.lifestyle,available,84,3%,10,"Manufacturing,Retail,Technology",,,
grand.lifestyle,available,84,25%,5,"Finance,General",,,
fourteen.lifestyle,available,84,8%,8,Mathematics,,,
deviate.lifestyle,available,84,12%,7,"Medicine,Science",,,
twentyone.lifestyle,available,84,13%,10,Mathematics,,,
acting.lifestyle,available,84,12%,6,Entertainment,,,
accessory.lifestyle,available,84,8%,9,"Fashion,Retail,Technology",,,
sharp.lifestyle,available,84,34%,5,"Arts,Fashion",,,
seventeen.lifestyle,available,84,7%,9,Mathematics,,,
twentytwo.lifestyle,available,84,11%,10,Mathematics,,,
nineteen.lifestyle,available,84,8%,8,Mathematics,,,
thirteen.lifestyle,available,84,10%,8,Mathematics,,,
thousand.lifestyle,available,84,8%,8,Mathematics,,,
cleansing.lifestyle,available,82,3%,9,Health and Fitness,,,
abenaki.lifestyle,available,82,2%,7,Geography,,,
enduring.lifestyle,available,82,9%,8,"Health and Fitness,Religion",,,
absorbent.lifestyle,available,82,3%,9,"Healthcare,Manufacturing,Retail",,,
altered.lifestyle,available,82,9%,7,"Medicine,Science",,,
abroach.lifestyle,available,82,1%,7,Food and Beverage,,,
decade.lifestyle,available,82,10%,6,Mathematics,,,
impromptu.lifestyle,available,82,16%,9,Entertainment,,,
fivesome.lifestyle,available,82,1%,8,Sports,,,
abdominal.lifestyle,available,82,1%,9,"Health and Fitness,Medicine",,,
abkhaz.lifestyle,available,82,1%,6,Geography,,,
good.lifestyle,available,82,47%,4,"Food and Beverage,General,Health and Fitness,Retail",,,
dozen.lifestyle,available,82,10%,5,Mathematics,,,
sequent.lifestyle,available,80,7%,7,"Healthcare,Insurance,Transportation",,,
nine.lifestyle,available,80,24%,4,"General,Mathematics",,,
absolute.lifestyle,available,80,25%,8,"Engineering,Mathematics,Science",,,
two.lifestyle,available,80,24%,3,Mathematics,,,
able.lifestyle,available,80,29%,4,"Business,Education,General,Technology",,,
yard.lifestyle,available,80,26%,4,"Construction,General",,,
absorbable.lifestyle,available,80,0%,10,"Healthcare,Pharmaceuticals,Science",,,
some.lifestyle,available,80,32%,4,"Business,Media,Retail",,,
wiz.lifestyle,available,80,30%,3,"Business,Education,Technology",,,
twenty.lifestyle,available,80,12%,6,Mathematics,,,
seventh.lifestyle,available,80,10%,7,Mathematics,,,
forty.lifestyle,available,80,9%,5,Mathematics,,,
dorsal.lifestyle,available,80,6%,6,"Medicine,Science",,,
trio.lifestyle,available,80,21%,4,Entertainment,,,
worshipful.lifestyle,available,80,1%,10,"Education,Healthcare,Religion",,,
absurd.lifestyle,available,80,16%,6,"Arts,Entertainment,Media",,,
capable.lifestyle,available,80,12%,7,"Business,Education,Technology",,,
superstar.lifestyle,available,80,18%,9,Entertainment,,,
adoptable.lifestyle,available,80,3%,9,"Education,Healthcare",,,
first.lifestyle,available,80,36%,5,"General,Mathematics",,,
abounding.lifestyle,available,78,2%,9,Agriculture,,,
recognised.lifestyle,available,78,3%,10,"Business,Education,Technology",,,
accidental.lifestyle,available,78,11%,10,"Healthcare,Insurance,Transportation",,,
abkhasian.lifestyle,available,78,1%,9,Geography,,,
adorable.lifestyle,available,78,8%,8,"Entertainment,Fashion,Retail",,,
accurate.lifestyle,available,78,16%,8,"Engineering,Mathematics,Science",,,
acceptable.lifestyle,available,78,5%,10,"Business,Hospitality,Retail",,,
accepted.lifestyle,available,78,6%,8,"Business,Education,Technology",,,
recognized.lifestyle,available,78,3%,10,"Business,Education,Technology",,,
twentysix.lifestyle,available,78,8%,10,Mathematics,,,
adjacent.lifestyle,available,78,9%,8,"Construction,Real Estate,Retail",,,
honestly.lifestyle,available,78,9%,8,"Business,Law",,,
sixtynine.lifestyle,available,78,8%,10,Mathematics,,,
absorptive.lifestyle,available,78,1%,10,"Healthcare,Manufacturing,Retail",,,
accessible.lifestyle,available,78,21%,10,"Healthcare,Retail,Technology",,,
abkhazian.lifestyle,available,78,1%,9,Geography,,,
dormant.lifestyle,available,78,4%,7,"Medicine,Science",,,
athletic.lifestyle,available,78,15%,8,"Health and Fitness,Sports",,,
adrenal.lifestyle,available,78,4%,7,"Education,Healthcare,Science",,,
low.lifestyle,available,78,20%,3,"Business,Finance",,,
acceptant.lifestyle,available,78,1%,9,"Education,Healthcare",,,
nineteenth.lifestyle,available,76,3%,10,Mathematics,,,
thousandth.lifestyle,available,76,1%,10,Mathematics,,,
hundredth.lifestyle,available,76,1%,9,Mathematics,,,
abrasive.lifestyle,available,76,6%,8,"Construction,Manufacturing",,,
ventral.lifestyle,available,76,3%,7,Science,,,
improvise.lifestyle,available,76,4%,9,Entertainment,,,
adipose.lifestyle,available,76,2%,7,"Healthcare,Science",,,
addable.lifestyle,available,76,2%,7,"Engineering,Mathematics,Science",,,
acoustic.lifestyle,available,76,14%,8,Science,,,
auxiliary.lifestyle,available,76,7%,9,"Healthcare,Manufacturing,Technology",,,
energizing.lifestyle,available,76,3%,10,"Food and Beverage,Health and Fitness,Travel",,,
eighteen.lifestyle,available,76,7%,8,Mathematics,,,
adhesive.lifestyle,available,76,7%,8,"Construction,Manufacturing,Technology",,,
fifteenth.lifestyle,available,76,2%,9,Mathematics,,,
fourteenth.lifestyle,available,76,1%,10,Mathematics,,,
resultant.lifestyle,available,76,2%,9,"Healthcare,Insurance,Transportation",,,
ancillary.lifestyle,available,76,6%,9,"Healthcare,Manufacturing,Technology",,,
incidental.lifestyle,available,76,4%,10,"Healthcare,Insurance,Transportation",,,
adaptive.lifestyle,available,76,28%,8,"Business,Education,Technology",,,
adaptable.lifestyle,available,76,9%,9,"Business,Education,Technology",,,
firstrate.lifestyle,available,76,6%,10,Business,,,
obscene.lifestyle,available,76,5%,7,"Entertainment,Media",,,
thirteenth.lifestyle,available,76,4%,10,Mathematics,,,
adherent.lifestyle,available,76,4%,8,"Politics,Religion",,,
ague.lifestyle,available,76,2%,4,"Geography,Medicine,Science",,,
diamond.lifestyle,available,76,32%,7,Fashion,,,
threed.lifestyle,available,76,7%,7,Technology,,,
adapted.lifestyle,available,74,6%,7,"Healthcare,Manufacturing,Technology",,,
mavin.lifestyle,available,74,7%,5,"Entertainment,Fashion,Technology",,,
broad.lifestyle,available,74,13%,5,"Entertainment,General,Media",,,
adrenergic.lifestyle,available,74,1%,10,"Education,Healthcare,Science",,,
admirable.lifestyle,available,74,5%,9,"Business,Education,Healthcare",,,
acuate.lifestyle,available,74,2%,6,"Engineering,Medicine,Science",,,
supra.lifestyle,available,74,25%,5,"Medicine,Science",,,
skilful.lifestyle,available,74,3%,7,"Education,Health and Fitness,Sports",,,
achievable.lifestyle,available,74,4%,10,"Business,Education,Technology",,,
adenoid.lifestyle,available,74,1%,7,"Health and Fitness,Medicine,Science",,,
aberrant.lifestyle,available,74,6%,8,"Medicine,Science",,,
accepting.lifestyle,available,74,3%,9,"Education,Healthcare",,,
adamant.lifestyle,available,74,14%,7,Religion,,,
cleared.lifestyle,available,74,7%,7,"Healthcare,Law,Transportation",,,
realizable.lifestyle,available,74,1%,10,"Business,Education,Technology",,,
manageable.lifestyle,available,74,4%,10,"Business,Education,Technology",,,
playing.lifestyle,available,74,12%,7,Entertainment,,,
single.lifestyle,available,74,19%,6,Sports,,,
abnormal.lifestyle,available,74,16%,8,"Medicine,Science",,,
sensation.lifestyle,available,74,7%,9,"Entertainment,Media,Sports",,,
absolutist.lifestyle,available,72,1%,10,"Humanities,Law,Politics",,,
abreast.lifestyle,available,72,2%,7,"Business,Technology",,,
adjectival.lifestyle,available,72,1%,10,Education,,,
sixtieth.lifestyle,available,72,1%,8,Mathematics,,,
adiabatic.lifestyle,available,72,3%,9,"Engineering,Science",,,
adonic.lifestyle,available,72,2%,6,"Arts,Education,Entertainment",,,
liv.lifestyle,available,72,27%,3,Mathematics,,,
existent.lifestyle,available,72,3%,8,"Mathematics,Science",,,
ablaze.lifestyle,available,72,6%,6,Entertainment,,,
trey.lifestyle,available,72,14%,4,Sports,,,
trinity.lifestyle,available,72,18%,7,Religion,,,
seventieth.lifestyle,available,72,1%,10,Mathematics,,,
adaptative.lifestyle,available,72,1%,10,"Business,Education,Technology",,,
engrossed.lifestyle,available,72,1%,9,"Entertainment,Media,Technology",,,
ternary.lifestyle,available,72,7%,7,Mathematics,,,
lovely.lifestyle,available,72,26%,6,"Entertainment,Fashion,Retail",,,
improvize.lifestyle,available,72,1%,9,Entertainment,,,
aching.lifestyle,available,72,4%,6,Healthcare,,,
addicted.lifestyle,available,72,9%,8,Healthcare,,,
absorbed.lifestyle,available,72,2%,8,"Entertainment,Media,Technology",,,
accusative.lifestyle,available,72,0%,10,"Humanities,Law",,,
abloom.lifestyle,available,72,5%,6,Agriculture,,,
adjunctive.lifestyle,available,72,1%,10,"Healthcare,Manufacturing,Technology",,,
accustomed.lifestyle,available,72,1%,10,"Business,Education,Humanities",,,
deep.lifestyle,available,72,41%,4,"Engineering,Mathematics,Science",,,
ninetieth.lifestyle,available,72,1%,9,Mathematics,,,
eightieth.lifestyle,available,72,1%,9,Mathematics,,,
champion.lifestyle,available,72,28%,8,"Entertainment,Health and Fitness,Sports",,,
consequent.lifestyle,available,70,3%,10,"Business,Education,General,Technology",,,
abradant.lifestyle,available,70,1%,8,"Construction,Manufacturing",,,
tiptop.lifestyle,available,70,24%,6,Fashion,,,
stillborn.lifestyle,available,70,2%,9,"Medicine,Science",,,
adamantine.lifestyle,available,70,4%,10,Religion,,,
skillful.lifestyle,available,70,9%,8,"Education,Health and Fitness,Sports",,,
accumbent.lifestyle,available,70,1%,9,"Healthcare,Medicine,Science",,,
adjusted.lifestyle,available,70,5%,8,"Manufacturing,Retail,Technology",,,
gymnastic.lifestyle,available,70,3%,9,"Entertainment,Sports",,,
offhand.lifestyle,available,70,2%,7,Entertainment,,,
admired.lifestyle,available,70,5%,7,"Business,Education,Healthcare",,,
miserable.lifestyle,available,70,4%,9,Humanities,,,
acuminate.lifestyle,available,70,1%,9,"Engineering,Medicine,Science",,,
unity.lifestyle,expired,70,40%,5,Mathematics,03/07/2024 13:34,03/07/2025 13:34,NAMECHEAP
absorbing.lifestyle,available,70,3%,9,"Entertainment,Media,Technology",,,
recumbent.lifestyle,available,70,2%,9,"Healthcare,Medicine,Science",,,
adored.lifestyle,available,70,6%,6,"Entertainment,Fashion,Retail",,,
abulic.lifestyle,available,70,1%,6,Medicine,,,
practiced.lifestyle,available,70,3%,9,"Education,Health and Fitness,Sports",,,
lowdown.lifestyle,available,70,6%,8,"Entertainment,Media",,,
scurvy.lifestyle,available,68,3%,6,Humanities,,,
achaean.lifestyle,available,68,2%,7,Humanities,,,
decorated.lifestyle,available,68,3%,9,"Entertainment,Fashion,Retail",,,
octonary.lifestyle,available,68,1%,8,Mathematics,,,
sevener.lifestyle,available,68,1%,7,Mathematics,,,
abkhas.lifestyle,available,68,0%,6,Geography,,,
ennead.lifestyle,available,68,5%,6,Mathematics,,,
fortieth.lifestyle,available,68,0%,8,Mathematics,,,
activating.lifestyle,available,68,3%,10,"Healthcare,Manufacturing,Technology",,,
threesome.lifestyle,available,68,5%,9,Entertainment,,,
vindicated.lifestyle,available,68,2%,10,"Humanities,Law,Politics",,,
thirtieth.lifestyle,available,68,1%,9,Mathematics,,,
abducent.lifestyle,available,68,0%,8,Medicine,,,
fiftieth.lifestyle,available,68,0%,8,Mathematics,,,
ablative.lifestyle,available,68,3%,8,Science,,,
licensed.lifestyle,available,68,5%,8,"Business,Healthcare,Insurance",,,
septenary.lifestyle,available,68,1%,9,Mathematics,,,
licenced.lifestyle,available,68,2%,8,"Business,Healthcare,Insurance",,,
ane.lifestyle,available,68,12%,3,Mathematics,,,
abnaki.lifestyle,available,68,1%,6,Geography,,,
aculeate.lifestyle,available,68,1%,8,"Engineering,Medicine,Science",,,
foursome.lifestyle,available,68,4%,8,Sports,,,
acerate.lifestyle,available,68,1%,7,Science,,,
achaian.lifestyle,available,68,2%,7,Humanities,,,
disciple.lifestyle,expiring,68,14%,8,"Education,Religion",27/08/2024 22:20,27/08/2025 22:20,NAMECHEAP
stygian.lifestyle,available,68,5%,7,Humanities,,,
aroused.lifestyle,available,68,3%,7,"Entertainment,Health and Fitness",,,
aberdonian.lifestyle,available,68,1%,10,Geography,,,
overseas.lifestyle,available,68,12%,8,"Hospitality,Travel",,,
acervate.lifestyle,available,66,1%,8,Science,,,
xiii.lifestyle,available,66,9%,4,Mathematics,,,
xxii.lifestyle,available,66,6%,4,Mathematics,,,
thirty.lifestyle,available,66,8%,6,Mathematics,,,
xxv.lifestyle,available,66,6%,3,Mathematics,,,
xii.lifestyle,available,66,10%,3,Mathematics,,,
eighty.lifestyle,available,66,6%,6,Mathematics,,,
accessary.lifestyle,available,66,1%,9,"Business,Law,Technology",,,
latest.lifestyle,available,66,18%,6,Technology,,,
maven.lifestyle,available,66,30%,5,"Entertainment,Fashion,Technology",,,
century.lifestyle,available,66,17%,7,Education,,,
according.lifestyle,available,66,3%,9,"Business,Education,Technology",,,
six.lifestyle,available,66,26%,3,Mathematics,,,
xvii.lifestyle,available,66,5%,4,Mathematics,,,
performing.lifestyle,available,66,6%,10,Entertainment,,,
xxi.lifestyle,available,66,10%,3,Mathematics,,,
abstinent.lifestyle,available,66,1%,9,"Health and Fitness,Religion",,,
sextet.lifestyle,available,66,1%,6,Entertainment,,,
deuce.lifestyle,available,66,9%,5,Sports,,,
modish.lifestyle,available,66,5%,6,Fashion,,,
xvi.lifestyle,available,66,5%,3,Mathematics,,,
acrobatic.lifestyle,available,66,4%,9,"Entertainment,Sports",,,
xxvi.lifestyle,available,66,3%,4,Mathematics,,,
onec.lifestyle,available,66,6%,5,Mathematics,,,
clv.lifestyle,available,66,10%,3,Mathematics,,,
xviii.lifestyle,available,66,5%,5,Mathematics,,,
exonerated.lifestyle,available,66,2%,10,"Humanities,Law,Politics",,,
adopted.lifestyle,available,66,4%,7,"Education,Healthcare",,,
ninety.lifestyle,available,66,11%,6,Mathematics,,,
fifty.lifestyle,available,66,12%,5,Mathematics,,,
buzzing.lifestyle,available,66,7%,7,"Entertainment,Media,Technology",,,
adorned.lifestyle,available,66,5%,7,"Entertainment,Fashion,Retail",,,
four.lifestyle,available,66,27%,4,Mathematics,,,
five.lifestyle,available,66,26%,4,Mathematics,,,
teenager.lifestyle,available,66,4%,8,"Education,Entertainment,Healthcare",,,
tenner.lifestyle,available,66,5%,6,Finance,,,
acappella.lifestyle,available,66,6%,10,Entertainment,,,
deviant.lifestyle,available,64,12%,7,"Medicine,Science",,,
absolved.lifestyle,available,64,1%,8,"Humanities,Law,Religion",,,
acentric.lifestyle,available,64,2%,8,Science,,,
scatty.lifestyle,available,64,1%,6,"Arts,Entertainment,Media",,,
astringent.lifestyle,available,64,1%,10,"Healthcare,Pharmaceuticals",,,
accordant.lifestyle,available,64,3%,9,"Arts,Entertainment",,,
rising.lifestyle,available,64,18%,6,"Construction,Manufacturing,Real Estate",,,
nondrinker.lifestyle,available,64,1%,10,"Health and Fitness,Religion",,,
ccc.lifestyle,available,64,38%,3,Mathematics,,,
aflame.lifestyle,available,64,3%,6,Entertainment,,,
adagio.lifestyle,available,64,14%,6,Entertainment,,,
cumulative.lifestyle,available,62,2%,10,"Banking,Finance,Insurance",,,
playacting.lifestyle,available,62,1%,10,Entertainment,,,
pungent.lifestyle,available,62,1%,7,Food and Beverage,,,
longdozen.lifestyle,available,62,2%,10,Mathematics,,,
eleventh.lifestyle,available,62,5%,8,Mathematics,,,
twodozen.lifestyle,available,62,1%,9,Mathematics,,,
nail.lifestyle,available,62,16%,4,"Construction,Fashion,General,Retail",,,
abo.lifestyle,available,62,15%,3,Science,,,
sixteenth.lifestyle,available,62,1%,9,Mathematics,,,
accusing.lifestyle,available,62,1%,8,Law,,,
troika.lifestyle,available,62,8%,6,Politics,,,
fortyfour.lifestyle,available,62,6%,10,Mathematics,,,
adoptive.lifestyle,available,62,1%,8,"Education,Healthcare",,,
activation.lifestyle,available,62,16%,10,"Healthcare,Manufacturing,Technology",,,
aufait.lifestyle,available,62,3%,7,"Fashion,Media",,,
wrapped.lifestyle,available,62,13%,7,"Fashion,Hospitality,Retail",,,
activistic.lifestyle,available,62,1%,10,"Humanities,Politics",,,
ensuant.lifestyle,available,62,1%,7,"Healthcare,Insurance,Transportation",,,
eighteenth.lifestyle,available,62,1%,10,Mathematics,,,
acidic.lifestyle,available,62,5%,6,"Food and Beverage,Science",,,
orso.lifestyle,available,62,9%,5,"Business,Media,Technology",,,
quartet.lifestyle,available,62,7%,7,"Arts,Entertainment",,,
accrued.lifestyle,available,62,2%,7,"Banking,Finance,Insurance",,,
exculpated.lifestyle,available,62,1%,10,"Humanities,Law,Politics",,,
chiliad.lifestyle,available,62,2%,7,Mathematics,,,
admissible.lifestyle,available,62,1%,10,"Education,Healthcare,Law",,,
aborigine.lifestyle,available,62,1%,9,Humanities,,,
adjuvant.lifestyle,available,62,5%,8,"Healthcare,Manufacturing,Technology",,,
roughly.lifestyle,available,62,3%,7,"Business,Media,Technology",,,
clxv.lifestyle,available,60,1%,4,Mathematics,,,
adnexal.lifestyle,available,60,1%,7,"Agriculture,Manufacturing,Retail",,,
clxx.lifestyle,available,60,3%,4,Mathematics,,,
abstemious.lifestyle,available,60,0%,10,"Food and Beverage,Health and Fitness,Hospitality",,,
thou.lifestyle,available,60,7%,4,Mathematics,,,
cxx.lifestyle,available,60,10%,3,Mathematics,,,
abstainer.lifestyle,available,60,0%,9,"Health and Fitness,Religion",,,
sixty.lifestyle,available,60,13%,5,Mathematics,,,
idolised.lifestyle,available,60,1%,8,"Entertainment,Fashion,Retail",,,
cautionary.lifestyle,available,60,1%,10,"Business,Education,Healthcare",,,
xcl.lifestyle,available,60,5%,3,Mathematics,,,
aboveboard.lifestyle,available,60,5%,10,"Business,Law",,,
clxxx.lifestyle,available,60,1%,5,Mathematics,,,
cxlv.lifestyle,available,60,2%,4,Mathematics,,,
annexal.lifestyle,available,60,1%,7,"Agriculture,Manufacturing,Retail",,,
eightysix.lifestyle,available,60,7%,10,Mathematics,,,
octet.lifestyle,available,60,12%,5,Arts,,,
idolized.lifestyle,available,60,3%,8,"Entertainment,Fashion,Retail",,,
abashed.lifestyle,available,60,1%,7,Humanities,,,
cxl.lifestyle,available,60,7%,3,Mathematics,,,
tertiary.lifestyle,available,60,4%,8,Education,,,
paunchy.lifestyle,available,60,0%,7,"Health and Fitness,Medicine",,,
clxxv.lifestyle,available,60,1%,5,Mathematics,,,
cxxv.lifestyle,available,60,1%,4,Mathematics,,,
cxxx.lifestyle,available,60,4%,4,Mathematics,,,
acceptive.lifestyle,available,60,1%,9,"Education,Healthcare",,,
cxv.lifestyle,available,60,4%,3,Mathematics,,,
adnate.lifestyle,available,60,1%,6,"Agriculture,Manufacturing,Retail",,,
cxxxv.lifestyle,available,60,2%,5,Mathematics,,,
clx.lifestyle,available,60,10%,3,Mathematics,,,
tercet.lifestyle,available,59,2%,6,"Arts,Entertainment,Media",,,
niner.lifestyle,available,58,5%,5,Mathematics,,,
abused.lifestyle,available,58,5%,6,"Healthcare,Law",,,
abridged.lifestyle,available,58,4%,8,Media,,,
fifth.lifestyle,available,58,12%,5,Mathematics,,,
justabout.lifestyle,available,58,3%,10,"Business,Media,Technology",,,
aucourant.lifestyle,available,58,3%,10,"Fashion,Media",,,
addressed.lifestyle,available,58,3%,9,"Business,Technology,Telecommunications",,,
hexad.lifestyle,available,58,4%,5,Mathematics,,,
sixer.lifestyle,available,58,5%,5,Sports,,,
sixtyone.lifestyle,available,58,3%,9,Mathematics,,,
alacarte.lifestyle,available,58,11%,10,Food and Beverage,,,
abandoned.lifestyle,available,58,10%,9,"Construction,Real Estate",,,
accoutred.lifestyle,available,58,1%,9,"Fashion,Manufacturing,Retail",,,
abuzz.lifestyle,available,58,5%,5,"Entertainment,Media,Technology",,,
super.lifestyle,available,58,47%,5,Business,,,
seventy.lifestyle,available,58,7%,7,Mathematics,,,
lxxx.lifestyle,available,58,2%,4,Mathematics,,,
adient.lifestyle,available,58,4%,6,"Medicine,Science",,,
acyclic.lifestyle,available,58,4%,7,"Engineering,Mathematics,Science",,,
offhanded.lifestyle,available,58,1%,9,Entertainment,,,
eighter.lifestyle,available,58,2%,7,Mathematics,,,
quintet.lifestyle,available,58,8%,7,"Arts,Entertainment",,,
seven.lifestyle,available,58,36%,5,Mathematics,,,
accretive.lifestyle,available,58,6%,9,"Banking,Finance,Insurance",,,
addible.lifestyle,available,58,2%,7,"Engineering,Mathematics,Science",,,
cypher.lifestyle,available,58,29%,6,Mathematics,,,
fourth.lifestyle,available,58,13%,6,Mathematics,,,
centesimal.lifestyle,available,58,1%,10,Mathematics,,,
closeto.lifestyle,available,58,3%,8,"Business,Media,Technology",,,
adhoc.lifestyle,available,58,24%,6,"Business,Engineering,Technology",,,
sextuplet.lifestyle,available,58,1%,9,Healthcare,,,
heptad.lifestyle,available,58,1%,6,Mathematics,,,
lxxviii.lifestyle,available,58,1%,7,Mathematics,,,
linear.lifestyle,available,58,22%,6,"Engineering,Mathematics,Science",,,
ache.lifestyle,available,58,7%,4,Healthcare,,,
actuarial.lifestyle,available,58,8%,9,"Finance,Insurance,Mathematics",,,
adjustive.lifestyle,available,58,1%,9,"Manufacturing,Retail,Technology",,,
pentad.lifestyle,available,58,2%,6,Mathematics,,,
fourscore.lifestyle,available,58,4%,9,Mathematics,,,
enwrapped.lifestyle,available,58,0%,9,"Entertainment,Fashion,Media",,,
tetrad.lifestyle,available,58,5%,6,Mathematics,,,
acetic.lifestyle,available,58,1%,6,"Food and Beverage,Science",,,
twelfth.lifestyle,available,58,2%,7,Mathematics,,,
octad.lifestyle,available,58,5%,5,Mathematics,,,
liii.lifestyle,available,56,4%,4,Mathematics,,,
xxix.lifestyle,available,56,4%,4,Mathematics,,,
fortyone.lifestyle,available,56,4%,9,Mathematics,,,
xxxvi.lifestyle,available,56,1%,5,Mathematics,,,
admissive.lifestyle,available,56,1%,9,"Education,Healthcare,Hospitality",,,
maledict.lifestyle,available,56,1%,8,Religion,,,
xxxiii.lifestyle,available,56,2%,6,Mathematics,,,
ilx.lifestyle,available,56,5%,3,Mathematics,,,
xlviii.lifestyle,available,56,1%,6,Mathematics,,,
xlii.lifestyle,available,56,5%,4,Mathematics,,,
terzetto.lifestyle,available,56,3%,8,Arts,,,
xxxv.lifestyle,available,56,4%,4,Mathematics,,,
fiftyfour.lifestyle,available,56,3%,10,Mathematics,,,
accoutered.lifestyle,available,56,0%,10,"Fashion,Manufacturing,Retail",,,
admittible.lifestyle,available,56,1%,10,"Education,Healthcare,Hospitality",,,
xxxii.lifestyle,available,56,1%,5,Mathematics,,,
lviii.lifestyle,available,56,1%,5,Mathematics,,,
xxiii.lifestyle,available,56,5%,5,Mathematics,,,
fortynine.lifestyle,available,56,3%,10,Mathematics,,,
xlvii.lifestyle,available,56,2%,5,Mathematics,,,
thirtytwo.lifestyle,available,56,5%,10,Mathematics,,,
aone.lifestyle,available,56,15%,5,Food and Beverage,,,
xliv.lifestyle,available,56,2%,4,Mathematics,,,
abdominous.lifestyle,available,56,0%,10,"Health and Fitness,Medicine",,,
fortytwo.lifestyle,available,56,17%,9,Mathematics,,,
appressed.lifestyle,available,56,0%,9,"Agriculture,Manufacturing,Retail",,,
admittable.lifestyle,available,56,1%,10,"Education,Healthcare,Hospitality",,,
potbellied.lifestyle,available,56,0%,10,"Health and Fitness,Medicine",,,
addled.lifestyle,available,56,2%,6,Entertainment,,,
fiftyfive.lifestyle,available,56,7%,10,Mathematics,,,
xxviii.lifestyle,available,56,1%,6,Mathematics,,,
xli.lifestyle,available,56,5%,3,Mathematics,,,
thirtyone.lifestyle,available,56,5%,10,Mathematics,,,
fiftyone.lifestyle,available,56,7%,9,Mathematics,,,
halfdozen.lifestyle,available,56,1%,10,Mathematics,,,
fortysix.lifestyle,available,56,3%,9,Mathematics,,,
xxxviii.lifestyle,available,56,1%,7,Mathematics,,,
xlv.lifestyle,available,56,6%,3,Mathematics,,,
triad.lifestyle,available,56,15%,5,Arts,,,
xxxvii.lifestyle,available,56,2%,6,Mathematics,,,
lvii.lifestyle,available,56,1%,4,Mathematics,,,
thirtysix.lifestyle,available,56,5%,10,Mathematics,,,
fiftynine.lifestyle,available,56,4%,10,Mathematics,,,
xxxi.lifestyle,available,56,9%,4,Mathematics,,,
xliii.lifestyle,available,56,1%,5,Mathematics,,,
lvi.lifestyle,available,56,8%,3,Mathematics,,,
fiftysix.lifestyle,available,56,4%,9,Mathematics,,,
xxvii.lifestyle,available,56,3%,5,Mathematics,,,
abeyant.lifestyle,available,56,1%,7,"Business,Law",,,
xlvi.lifestyle,available,56,3%,4,Mathematics,,,
lii.lifestyle,available,56,7%,3,Mathematics,,,
xxiv.lifestyle,available,56,5%,4,Mathematics,,,
xxxiv.lifestyle,available,56,1%,5,Mathematics,,,
fiftytwo.lifestyle,available,56,6%,9,Mathematics,,,
abatic.lifestyle,available,54,1%,6,Science,,,
monitory.lifestyle,available,54,3%,8,"Business,Education,Healthcare",,,
iii.lifestyle,available,54,24%,3,Mathematics,,,
sise.lifestyle,available,54,5%,4,Mathematics,,,
abatable.lifestyle,available,54,1%,8,Law,,,
adpressed.lifestyle,available,54,0%,9,"Agriculture,Manufacturing,Retail",,,
abasic.lifestyle,available,54,1%,6,Science,,,
actuated.lifestyle,available,54,2%,8,"Automotive,Manufacturing,Technology",,,
quaternity.lifestyle,available,54,4%,10,Mathematics,,,
achromatic.lifestyle,available,54,4%,10,Science,,,
vii.lifestyle,available,54,13%,3,Mathematics,,,
ternion.lifestyle,available,54,3%,7,Mathematics,,,
aboral.lifestyle,available,54,2%,6,Science,,,
admonitory.lifestyle,available,54,0%,10,"Business,Education,Healthcare",,,
adductive.lifestyle,available,54,0%,9,"Engineering,Mathematics,Science",,,
unnatural.lifestyle,available,54,4%,9,"Medicine,Science",,,
abient.lifestyle,available,54,1%,6,Science,,,
fin.lifestyle,available,54,30%,3,Finance,,,
deuceace.lifestyle,available,54,2%,9,Sports,,,
accentual.lifestyle,available,54,3%,9,"Arts,Entertainment",,,
twoscore.lifestyle,available,54,2%,8,Mathematics,,,
viii.lifestyle,available,54,6%,4,Mathematics,,,
quatern.lifestyle,available,54,2%,7,Mathematics,,,
quintuplet.lifestyle,available,54,1%,10,"Healthcare,Medicine,Science",,,
quadruplet.lifestyle,available,54,1%,10,"Healthcare,Medicine,Science",,,
scratchy.lifestyle,available,54,3%,8,Fashion,,,
quaternion.lifestyle,available,54,6%,10,Mathematics,,,
abhorrent.lifestyle,available,54,1%,9,Humanities,,,
abaxial.lifestyle,available,54,1%,7,Science,,,
achy.lifestyle,available,54,3%,4,Healthcare,,,
acoustical.lifestyle,available,54,4%,10,Science,,,
adducent.lifestyle,available,54,1%,8,"Engineering,Mathematics,Science",,,
adjuratory.lifestyle,available,54,0%,10,"Law,Politics,Religion",,,
fortyfive.lifestyle,available,54,4%,10,Mathematics,,,
abducens.lifestyle,available,54,1%,8,Medicine,,,
deserted.lifestyle,available,54,3%,8,"Hospitality,Real Estate",,,
threescore.lifestyle,available,54,1%,10,Mathematics,,,
accursed.lifestyle,available,54,3%,8,"Entertainment,Media,Religion",,,
adaxial.lifestyle,available,54,2%,7,Science,,,
adducting.lifestyle,available,54,1%,9,"Engineering,Mathematics,Science",,,
topnotch.lifestyle,available,54,18%,8,Business,,,
xxx.lifestyle,available,53,30%,3,"Arts,Entertainment,Media",,,
sestet.lifestyle,available,53,1%,6,Arts,,,
septet.lifestyle,available,53,1%,6,General,,,
lxxxvi.lifestyle,available,52,1%,6,Mathematics,,,
chagrined.lifestyle,available,52,1%,9,Humanities,,,
ablated.lifestyle,available,52,1%,7,Science,,,
abysmal.lifestyle,available,52,4%,7,"Arts,Entertainment,Media",,,
lxxiii.lifestyle,available,52,1%,6,Mathematics,,,
xcvii.lifestyle,available,52,1%,5,Mathematics,,,
lxvi.lifestyle,available,52,3%,4,Mathematics,,,
uphill.lifestyle,available,52,7%,6,"Sports,Transportation,Travel",,,
littlejoe.lifestyle,available,52,2%,10,"Entertainment,Media",,,
sixtyfive.lifestyle,available,52,3%,10,Mathematics,,,
odious.lifestyle,available,52,2%,6,"Entertainment,Humanities",,,
detestable.lifestyle,available,52,1%,10,Humanities,,,
aboulic.lifestyle,available,52,1%,7,Medicine,,,
lxxiv.lifestyle,available,52,1%,5,Mathematics,,,
lxiii.lifestyle,available,52,2%,5,Mathematics,,,
sixtytwo.lifestyle,available,52,3%,9,Mathematics,,,
abstruse.lifestyle,available,52,5%,8,"Humanities,Mathematics,Science",,,
lxxxiii.lifestyle,available,52,1%,7,Mathematics,,,
eightytwo.lifestyle,available,52,4%,10,Mathematics,,,
xcv.lifestyle,available,52,7%,3,Mathematics,,,
lxxv.lifestyle,available,52,1%,4,Mathematics,,,
abominable.lifestyle,available,52,2%,10,"Entertainment,Humanities",,,
xcvi.lifestyle,available,52,2%,4,Mathematics,,,
repulsive.lifestyle,available,52,1%,9,Humanities,,,
ninetytwo.lifestyle,available,52,4%,10,Mathematics,,,
lxxxii.lifestyle,available,52,1%,6,Mathematics,,,
eightyone.lifestyle,available,52,3%,10,Mathematics,,,
xci.lifestyle,available,52,4%,3,Mathematics,,,
sixtyfour.lifestyle,available,52,3%,10,Mathematics,,,
lxvii.lifestyle,available,52,1%,5,Mathematics,,,
lxxxi.lifestyle,available,52,1%,5,Mathematics,,,
abusive.lifestyle,available,52,3%,7,"Healthcare,Law",,,
xciii.lifestyle,available,52,1%,5,Mathematics,,,
lxiv.lifestyle,available,52,3%,4,Mathematics,,,
xcviii.lifestyle,available,52,1%,6,Mathematics,,,
lxxi.lifestyle,available,52,1%,4,Mathematics,,,
xcii.lifestyle,available,52,2%,4,Mathematics,,,
adenoidal.lifestyle,available,52,1%,9,"Health and Fitness,Medicine,Science",,,
ixc.lifestyle,available,52,5%,3,Mathematics,,,
lxv.lifestyle,available,52,5%,3,Mathematics,,,
lxxxvii.lifestyle,available,52,1%,7,Mathematics,,,
lxxxiv.lifestyle,available,52,1%,6,Mathematics,,,
ixl.lifestyle,available,52,9%,3,Mathematics,,,
lxi.lifestyle,available,52,5%,3,Mathematics,,,
lxxvi.lifestyle,available,52,1%,5,Mathematics,,,
lxii.lifestyle,available,52,1%,4,Mathematics,,,
sixtysix.lifestyle,available,52,4%,9,Mathematics,,,
xciv.lifestyle,available,52,2%,4,Mathematics,,,
ninetyone.lifestyle,available,52,5%,10,Mathematics,,,
lxviii.lifestyle,available,52,1%,6,Mathematics,,,
ninetysix.lifestyle,available,52,4%,10,Mathematics,,,
lxxii.lifestyle,available,52,1%,5,Mathematics,,,
repugnant.lifestyle,available,52,1%,9,Humanities,,,
lxxxv.lifestyle,available,52,1%,5,Mathematics,,,
lxxvii.lifestyle,available,52,2%,6,Mathematics,,,
decumbent.lifestyle,available,52,1%,9,"Healthcare,Medicine,Science",,,
tierce.lifestyle,available,52,3%,6,General,,,
abomasal.lifestyle,available,50,0%,8,Agriculture,,,
acerose.lifestyle,available,50,1%,7,Science,,,
gillless.lifestyle,available,50,0%,9,Science,,,
needlelike.lifestyle,available,50,0%,10,"Engineering,Medicine,Science",,,
scummy.lifestyle,available,50,1%,6,Humanities,,,
broached.lifestyle,available,50,0%,8,Food and Beverage,,,
triplet.lifestyle,available,50,8%,7,Science,,,
abactinal.lifestyle,available,50,0%,9,Science,,,
ogdoad.lifestyle,available,50,1%,6,Mathematics,,,
abbatial.lifestyle,available,50,0%,8,Religion,,,
acaudal.lifestyle,available,50,1%,7,"Agriculture,Science",,,
cinque.lifestyle,available,50,7%,6,Mathematics,,,
acapnotic.lifestyle,available,50,0%,9,"Healthcare,Medicine,Science",,,
vinegary.lifestyle,available,50,1%,8,Food and Beverage,,,
abdicable.lifestyle,available,50,0%,9,Law,,,
abranchial.lifestyle,available,50,0%,10,Science,,,
aborticide.lifestyle,available,50,0%,10,Medicine,,,
acetous.lifestyle,available,50,1%,7,Science,,,
acerb.lifestyle,available,50,2%,5,Science,,,
lxx.lifestyle,available,50,5%,3,Mathematics,,,
trine.lifestyle,available,50,11%,5,"General,Religion",,,
adhominem.lifestyle,available,50,2%,10,"Humanities,Law,Politics",,,
acerbic.lifestyle,available,50,2%,7,"Arts,Humanities,Media",,,
acetose.lifestyle,available,50,1%,7,Science,,,
acapnic.lifestyle,available,50,0%,7,"Healthcare,Medicine,Science",,,
adactylous.lifestyle,available,50,0%,10,Science,,,
acquitted.lifestyle,available,50,1%,9,Law,,,
spinous.lifestyle,available,50,1%,7,"Agriculture,Science",,,
acellular.lifestyle,available,50,1%,9,Science,,,
aculeated.lifestyle,available,50,0%,9,"Engineering,Medicine,Science",,,
quint.lifestyle,available,50,13%,5,"Arts,Entertainment",,,
abducting.lifestyle,available,50,0%,9,Medicine,,,
abstracted.lifestyle,available,48,5%,10,"Arts,Humanities,Science",,,
ilxxx.lifestyle,available,48,1%,5,Mathematics,,,
lxxxviii.lifestyle,available,48,1%,8,Mathematics,,,
apriori.lifestyle,available,48,13%,8,Mathematics,,,
notguilty.lifestyle,available,48,5%,10,Law,,,
ilxx.lifestyle,available,48,1%,4,Mathematics,,,
execrable.lifestyle,available,48,0%,9,"Entertainment,Humanities",,,
abyssal.lifestyle,available,48,12%,7,"Arts,Entertainment,Media",,,
achromic.lifestyle,available,46,2%,8,Science,,,
vinegarish.lifestyle,available,46,1%,10,Food and Beverage,,,
acicular.lifestyle,available,46,2%,8,Science,,,
stripling.lifestyle,available,46,2%,9,"Education,Entertainment,Healthcare",,,
quaternary.lifestyle,available,46,3%,10,Mathematics,,,
theabsurd.lifestyle,available,46,1%,10,"Arts,Entertainment,Media",,,
acaudate.lifestyle,available,46,1%,8,"Agriculture,Science",,,
acarpous.lifestyle,available,46,0%,8,"Agriculture,Science",,,
acanthotic.lifestyle,available,46,0%,10,"Agriculture,Science",,,
acheronian.lifestyle,available,46,1%,10,Humanities,,,
acetylic.lifestyle,available,46,1%,8,Science,,,
stemless.lifestyle,available,46,2%,8,"Agriculture,Science",,,
acephalous.lifestyle,available,46,1%,10,Science,,,
acetylenic.lifestyle,available,46,1%,10,Science,,,
acanthoid.lifestyle,available,46,1%,9,"Agriculture,Science",,,
acetonic.lifestyle,available,46,1%,8,Science,,,
achromous.lifestyle,available,46,1%,9,Science,,,
achenial.lifestyle,available,46,1%,8,Science,,,
acapnial.lifestyle,available,46,0%,8,"Healthcare,Medicine,Science",,,
cotyloid.lifestyle,available,46,1%,8,Science,,,
acanthous.lifestyle,available,46,0%,9,"Agriculture,Science",,,
acetabular.lifestyle,available,46,1%,10,Science,,,
acarpelous.lifestyle,available,46,0%,10,"Agriculture,Science",,,
acherontic.lifestyle,available,44,1%,10,Humanities,,,
accusatory.lifestyle,available,44,1%,10,Law,,,
cotyloidal.lifestyle,available,44,1%,10,Science,,,
abscessed.lifestyle,available,41,0%,9,Healthcare,,,
phoebe.lifestyle,available,41,14%,6,Science,,,
accusive.lifestyle,available,40,1%,8,Law,,,
scurrilous.lifestyle,available,40,1%,10,"Entertainment,Media,Politics",,,
accurst.lifestyle,available,40,1%,7,Religion,,,